text,source,timestamp,language
This product has completely changed how I manage my daily workflow. Five stars!,email,2024-01-01 02:24:52,English
Hervorragende Qualität zum fairen Preis. Kann ich nur weiterempfehlen.,app_store,2024-01-02 19:05:46,German
La mise à jour a vraiment amélioré les performances. Bravo à l'équipe !,survey,2024-01-02 23:15:52,French
Shipping was lightning fast and the packaging was eco-friendly. Impressed!,app_store,2024-01-02 23:38:06,English
Das Produkt war bei Lieferung beschädigt und die Rückgabe ist kompliziert.,email,2024-01-03 01:14:39,German
"The app works fine for basic tasks, but lacks some advanced features I need.",app_store,2024-01-03 02:08:44,English
La mise à jour a vraiment amélioré les performances. Bravo à l'équipe !,app_store,2024-01-03 22:10:42,French
Das neue Design ist gewöhnungsbedürftig. Bin noch unentschieden.,app_store,2024-01-04 23:31:23,German
"Exactly what I was looking for. Simple, elegant, and powerful.",email,2024-01-05 10:17:47,English
Muy contento con mi compra. Lo recomiendo sin dudarlo.,survey,2024-01-06 07:19:37,Spanish
El servicio al cliente fue excelente. Resolvieron mi problema en minutos.,email,2024-01-06 16:30:54,Spanish
Bin absolut begeistert von der App. Läuft stabil und sieht super aus.,app_store,2024-01-06 22:32:34,German
Hervorragende Qualität zum fairen Preis. Kann ich nur weiterempfehlen.,survey,2024-01-06 23:03:45,German
The new design is different. Not sure if I prefer it over the old one yet.,survey,2024-01-07 19:50:30,English
The search function is broken. It returns completely irrelevant results every time.,survey,2024-01-08 19:03:07,English
"L'application fonctionne correctement pour les tâches simples, sans plus.",survey,2024-01-10 06:02:34,French
カスタマーサポートの対応が素晴らしかったです。すぐに問題が解決しました。,survey,2024-01-11 01:15:58,Japanese
Le nouveau design est différent. Je ne suis pas encore sûr de l'apprécier.,survey,2024-01-11 13:05:25,French
Great value for the price. I've recommended it to all my coworkers.,app_store,2024-01-12 11:24:52,English
"Es un producto aceptable. Cumple su función, aunque no destaca en nada.",app_store,2024-01-12 14:11:30,Spanish
Le service client a été irréprochable. Problème résolu en un clin d'œil.,email,2024-01-12 18:18:53,French
カスタマーサポートの対応が素晴らしかったです。すぐに問題が解決しました。,app_store,2024-01-12 18:48:49,Japanese
Le temps de chargement est insupportable. Plusieurs minutes pour ouvrir une page.,email,2024-01-13 08:51:00,French
"Trop de publicités intrusives. J'ai payé pour la version premium, c'est scandaleux.",survey,2024-01-13 09:09:13,French
La qualité du produit est bien en dessous de ce qui était annoncé.,email,2024-01-13 17:51:35,French
J'ai perdu toutes mes données sans aucun avertissement. Très déçu.,survey,2024-01-15 15:40:01,French
"Die App funktioniert gut für grundlegende Aufgaben, aber es fehlen einige Funktionen.",email,2024-01-16 01:19:00,German
After the latest update the battery drain is insane. Please fix this ASAP.,survey,2024-01-16 07:10:32,English
Great value for the price. I've recommended it to all my coworkers.,app_store,2024-01-16 22:31:55,English
I've been using it for a month now. It's okay but I'm still evaluating alternatives.,email,2024-01-17 08:35:20,English
The free tier is generous enough for my needs. Might upgrade soon though!,survey,2024-01-17 16:59:56,English
Really appreciate the attention to detail in the UI. Everything just works.,app_store,2024-01-17 17:11:23,English
La actualización más reciente mejoró mucho el rendimiento. ¡Genial!,app_store,2024-01-18 02:43:05,Spanish
Honestly disappointed. The features advertised on the website don't actually exist.,app_store,2024-01-19 13:36:52,English
Application fantastique ! L'interface est claire et agréable à utiliser.,app_store,2024-01-20 10:49:10,French
Bin absolut begeistert von der App. Läuft stabil und sieht super aus.,app_store,2024-01-21 05:11:44,German
Bin absolut begeistert von der App. Läuft stabil und sieht super aus.,survey,2024-01-21 06:10:14,German
品質が非常に高く、価格以上の価値があります。大満足です。,app_store,2024-01-21 07:38:46,Japanese
"Me encanta esta aplicación, es muy fácil de usar y funciona de maravilla.",survey,2024-01-23 08:13:00,Spanish
"Me encanta esta aplicación, es muy fácil de usar y funciona de maravilla.",email,2024-01-23 13:47:26,Spanish
Bin absolut begeistert von der App. Läuft stabil und sieht super aus.,app_store,2024-01-23 16:32:20,German
Llevo dos semanas esperando respuesta del soporte técnico. Inaceptable.,survey,2024-01-24 09:55:01,Spanish
"Exactly what I was looking for. Simple, elegant, and powerful.",app_store,2024-01-24 23:09:45,English
Best customer experience I've had in years. The support team truly cares.,email,2024-01-26 01:10:05,English
Application fantastique ! L'interface est claire et agréable à utiliser.,app_store,2024-01-26 11:25:15,French
Best customer experience I've had in years. The support team truly cares.,email,2024-01-28 05:46:07,English
Le nouveau design est différent. Je ne suis pas encore sûr de l'apprécier.,email,2024-01-28 21:18:45,French
"Me encanta esta aplicación, es muy fácil de usar y funciona de maravilla.",app_store,2024-01-29 17:13:00,Spanish
"Delivery was on time. Product matches the description, nothing more nothing less.",survey,2024-01-30 00:52:14,English
Le temps de chargement est insupportable. Plusieurs minutes pour ouvrir une page.,email,2024-01-31 03:05:04,French
